<?xml version="1.0" encoding="utf-8"?>
<Release>
  <action>ADD</action>
  <CoverFile>RS01.jpeg</CoverFile>
  <Name>Awoyemi damilare</Name>
  <Catalog>RS01</Catalog>
  <Compilation>No</Compilation>
  <Artists>starkid dacoz</Artists>
  <Label>Roc Star Records</Label>
  <MainGenre>Dance</MainGenre>
  <Genre>Dance</Genre>
  <MetadataLanguage>en</MetadataLanguage>
  <ReleaseDate>2024-01-17</ReleaseDate>
  <Songs/>
  <ExclusivePlatform>iTunes</ExclusivePlatform>
  <ExclusiveDuration>- Select -</ExclusiveDuration>
  <iTunesPreOrderDate>2024-01-13</iTunesPreOrderDate>
  <ExclusiveDate>2024-01-15</ExclusiveDate>
  <Stores>All</Stores>
  <Territories>WW</Territories>
</Release>
