<?xml version="1.0" encoding="utf-8"?>
<Release>
  <action>ADD</action>
  <CoverFile>QPR173.jpg</CoverFile>
  <Name>Dreaming</Name>
  <Catalog>QPR173</Catalog>
  <UPCCode>GET</UPCCode>
  <Compilation>No</Compilation>
  <Artists>Dominox Latte</Artists>
  <Label>Q Phonic Ent</Label>
  <MainGenre>Dance</MainGenre>
  <Genre>Deep House</Genre>
  <MetadataLanguage>en</MetadataLanguage>
  <ReleaseDate>2023-07-07</ReleaseDate>
  <Songs/>
  <ExclusivePlatform>- Select Platform -</ExclusivePlatform>
  <ExclusiveDuration>- Select -</ExclusiveDuration>
  <iTunesPreOrderDate/>
  <ExclusiveDate/>
  <Stores>Spotify,iTunes,Tidal</Stores>
  <Territories>WW</Territories>
</Release>
