<?xml version="1.0" encoding="UTF-8"?>
<release><action>ADD</action><CoverFile>2223.png</CoverFile><Name>sidebar.php</Name><Catalog>2223</Catalog><UPCCode>U01010</UPCCode><Compilation>Standard_release</Compilation><Artists>Dominox Latte</Artists><Label>label test</Label><MainGenre>Hip Hop/Rap</MainGenre><Genre>UK Hip Hop</Genre><MetadataLanguage>Abkhazian</MetadataLanguage><ReleaseDate>2024-02-23</ReleaseDate><Songs><Song><TrackNumber>1</TrackNumber><AudioFile>skj</AudioFile><PrimaryArtists>VARIOUS</PrimaryArtists><FeaturingArtists/><Remixers/><MainGenre>Dance</MainGenre><Genre>Techno</Genre><Name>skj</Name><ISRCCode>GET</ISRCCode><Explicit>Non-Explicit</Explicit><VocalLanguage>Abkhazian</VocalLanguage><AlbumOnly>Yes</AlbumOnly><Contributors><Contributor><Name>A</Name><Role>Composer</Role></Contributor></Contributors></Song></Songs><ExclusiveStore>Traxsource</ExclusiveStore><ExclusiveDuration>4</ExclusiveDuration><iTunesPreOrderDate>2024-03-08</iTunesPreOrderDate><ExclusiveDate>2024-02-08</ExclusiveDate><Stores>JunoDownload,Volumo</Stores><Territories>WW</Territories></release>
