<?xml version="1.0" encoding="UTF-8"?>
<release><action>ADD</action><CoverFile>RSR05.jpg</CoverFile><Name>LOVE ME LIKE A BABY EP</Name><Catalog>RSR05</Catalog><UPCCode>GET</UPCCode><Compilation>Yes</Compilation><Artists>starkid dacoz</Artists><Label>Roc Star Records</Label><MainGenre>Dance</MainGenre><Genre>Chill Out</Genre><MetadataLanguage>English</MetadataLanguage><ReleaseDate>22/04/2024</ReleaseDate><Songs><Song><TrackNumber>1</TrackNumber><AudioFile>DO FOR LOVE</AudioFile><PrimaryArtists>starkid dacoz</PrimaryArtists><FeaturingArtists/><Remixers/><MainGenre>Dance</MainGenre><Genre>Techno</Genre><Name>DO FOR LOVE</Name><ISRCCode>GET</ISRCCode><Explicit>Clean</Explicit><VocalLanguage>en</VocalLanguage><AlbumOnly>Yes</AlbumOnly><Contributors><Contributor><Name>a</Name><Role>Composer</Role></Contributor></Contributors></Song><Song><TrackNumber>2</TrackNumber><AudioFile>BABY BABY </AudioFile><PrimaryArtists>starkid dacoz</PrimaryArtists><FeaturingArtists>starkid dacoz</FeaturingArtists><Remixers>starkid dacoz</Remixers><MainGenre>Dance</MainGenre><Genre>Techno</Genre><Name>BABY BABY </Name><ISRCCode>GET</ISRCCode><Explicit>Clean</Explicit><VocalLanguage>en</VocalLanguage><AlbumOnly>No</AlbumOnly><Contributors><Contributor><Name>a</Name><Role>Composer</Role></Contributor></Contributors></Song><Song><TrackNumber>3</TrackNumber><AudioFile>MY MOTHER</AudioFile><PrimaryArtists>starkid dacoz</PrimaryArtists><FeaturingArtists>starkid dacoz</FeaturingArtists><Remixers>starkid dacoz</Remixers><MainGenre>Dance</MainGenre><Genre>Techno</Genre><Name>MY MOTHER</Name><ISRCCode>GET</ISRCCode><Explicit>Explicit</Explicit><VocalLanguage>en</VocalLanguage><AlbumOnly>Yes</AlbumOnly><Contributors><Contributor><Name>a</Name><Role>Composer</Role></Contributor></Contributors></Song><Song><TrackNumber>4</TrackNumber><AudioFile>ONE THING</AudioFile><PrimaryArtists>starkid dacoz</PrimaryArtists><FeaturingArtists>- Select Featuring Artists -</FeaturingArtists><Remixers>starkid dacoz</Remixers><MainGenre>Dance</MainGenre><Genre>Afro House</Genre><Name>ONE THING</Name><ISRCCode>GET</ISRCCode><Explicit>Explicit</Explicit><VocalLanguage>en</VocalLanguage><AlbumOnly>No</AlbumOnly><Contributors><Contributor><Name>a</Name><Role>Composer</Role></Contributor></Contributors></Song><Song><TrackNumber>5</TrackNumber><AudioFile>MANY THINGS CHORUS</AudioFile><PrimaryArtists>starkid dacoz</PrimaryArtists><FeaturingArtists>starkid dacoz</FeaturingArtists><Remixers>starkid dacoz</Remixers><MainGenre>Dance</MainGenre><Genre>Techno</Genre><Name>MANY THINGS CHORUS</Name><ISRCCode>GET</ISRCCode><Explicit>Clean</Explicit><VocalLanguage>en</VocalLanguage><AlbumOnly>Yes</AlbumOnly><Contributors><Contributor><Name>a</Name><Role>Composer</Role></Contributor></Contributors></Song></Songs><iTunesPreOrderDate>02/04/2024</iTunesPreOrderDate><Stores>All</Stores><Territories>WW</Territories></release>
