<?xml version="1.0" encoding="utf-8"?>
<Release>
  <action>ADD</action>
  <CoverFile>NAR002.png</CoverFile>
  <Name>End Of Worlds </Name>
  <Catalog>NAR002</Catalog>
  <UPCCode>GET</UPCCode>
  <Compilation>No</Compilation>
  <VariousArtists>No</VariousArtists>
  <Artists>Erik Sibelle </Artists>
  <Label>NuAfro Records </Label>
  <MainGenre>Dance</MainGenre>
  <Genre>Deep House</Genre>
  <MetadataLanguage>en</MetadataLanguage>
  <Songs>
    <Song>
      <TrackNumber>1</TrackNumber>
      <AudioFile>NAR002_1.broken lamp</AudioFile>
      <AudioFile>NAR002_1.broken lamp</AudioFile>
      <Name>End Of Worlds </Name>
      <Name>End Of Worlds </Name>
      <MixVersion>Original </MixVersion>
      <MixVersion>Original </MixVersion>
      <PrimaryArtists>Erik Sibelle </PrimaryArtists>
      <PrimaryArtists>Erik Sibelle </PrimaryArtists>
      <Contributors>
        <Contributor>
          <Name>- Select Remixer -</Name>
          <Role>Composer</Role>
        </Contributor>
      </Contributors>
      <Composer>- Select Remixer -</Composer>
      <MainGenre>Dance</MainGenre>
      <MainGenre>Dance</MainGenre>
      <Genre>Deep House</Genre>
      <Genre>Deep House</Genre>
      <AlbumOnly>No</AlbumOnly>
      <AlbumOnly>No</AlbumOnly>
      <Explicit>Non-Explicit</Explicit>
      <Explicit>Non-Explicit</Explicit>
      <VocalLanguage>en</VocalLanguage>
      <VocalLanguage>en</VocalLanguage>
    </Song>
  </Songs>
  <ExclusivePlatform>- Select Platform -</ExclusivePlatform>
  <ExclusiveDuration>- Select -</ExclusiveDuration>
  <iTunesPreOrderDate/>
  <ExclusiveDate/>
  <Stores>All</Stores>
  <Territories>WW</Territories>
</Release>
