<?xml version="1.0" encoding="utf-8"?>
<Release>
  <action>ADD</action>
  <CoverFile>QPENT12oo1.jpg</CoverFile>
  <Name>all about music</Name>
  <Catalog>QPENT12oo1</Catalog>
  <UPCCode>GET</UPCCode>
  <Compilation>No</Compilation>
  <Artists>VARIOUS</Artists>
  <Label>AIME</Label>
  <MainGenre>Dance</MainGenre>
  <Genre>Techno</Genre>
  <MetadataLanguage>en</MetadataLanguage>
  <ReleaseDate>2023-06-02</ReleaseDate>
  <Songs>
    <Song>
      <TrackNumber>1</TrackNumber>
      <AudioFile>QPENT12oo1_1.mp3</AudioFile>
      <Name>do it for </Name>
      <MixVersion>main</MixVersion>
      <PrimaryArtists>VARIOUS</PrimaryArtists>
      <Composer>Artist Name</Composer>
      <MainGenre>Dance</MainGenre>
      <Genre>Techno</Genre>
      <ISRCCode>GET</ISRCCode>
      <AlbumOnly>No</AlbumOnly>
      <Explicit>Non-Explicit</Explicit>
      <VocalLanguage>en</VocalLanguage>
    </Song>
  </Songs>
  <ExclusivePlatform>Traxsource</ExclusivePlatform>
  <ExclusiveDuration>2</ExclusiveDuration>
  <iTunesPreOrderDate>2023-05-12</iTunesPreOrderDate>
  <ExclusiveDate>2023-05-19</ExclusiveDate>
  <Stores>Traxsource,Beatport,JunoDownload,Spotify,iTunes,Tidal</Stores>
  <Territories>WW</Territories>
</Release>
