<?xml version="1.0" encoding="utf-8"?>
<Release>
  <action>ADD</action>
  <CoverFile>3443434.png</CoverFile>
  <Name>Rock music</Name>
  <Catalog>3443434</Catalog>
  <UPCCode>jkjks</UPCCode>
  <Compilation>Standard_release</Compilation>
  <VariousArtists>No</VariousArtists>
  <Artists>Kololo,Leza Boyland,DeLura</Artists>
  <Label>Q Phonic Records</Label>
  <MainGenre>Classical</MainGenre>
  <Genre>Qawali</Genre>
  <MetadataLanguage>ab</MetadataLanguage>
  <ReleaseDate>2023-04-27</ReleaseDate>
  <Songs>
    <Song>
      <TrackNumber>1</TrackNumber>
      <AudioFile>3443434_1.mp3</AudioFile>
      <Name>Zohaib lkas</Name>
      <MixVersion>ewf</MixVersion>
      <PrimaryArtists>Dominox Latte,Prince Mooi,Leza Boyland</PrimaryArtists>
      <FeaturingArtists>Prince Mooi,Kololo,Leza Boyland</FeaturingArtists>
      <Remixers>Kololo,Leza Boyland</Remixers>
      <Composer>Nomsa Mooi</Composer>
      <MainGenre>Classical</MainGenre>
      <Genre>Qawali</Genre>
      <ISRCCode>GET</ISRCCode>
      <AlbumOnly>Yes</AlbumOnly>
      <Explicit>Clean</Explicit>
      <VocalLanguage>ak</VocalLanguage>
    </Song>
  </Songs>
  <ExclusivePlatform>Traxsource</ExclusivePlatform>
  <ExclusiveDuration>4</ExclusiveDuration>
  <iTunesPreOrderDate>2023-04-14</iTunesPreOrderDate>
  <ExclusiveDate>2023-04-27</ExclusiveDate>
  <Stores>Beatport,Huawei,Volumo,iHeartRadio</Stores>
</Release>
