<?xml version="1.0" encoding="utf-8"?>
<Release>
  <action>ADD</action>
  <CoverFile>ALM241.jpg</CoverFile>
  <Name>Need you</Name>
  <Catalog>ALM241</Catalog>
  <Compilation>No</Compilation>
  <Artists>Newton</Artists>
  <Label>AFOLABI Music</Label>
  <MainGenre>Dance</MainGenre>
  <Genre>Deep House</Genre>
  <MetadataLanguage>en</MetadataLanguage>
  <ReleaseDate>2024-03-01</ReleaseDate>
  <Songs>
    <Song>
      <TrackNumber>1</TrackNumber>
      <FileId>1</FileId>
      <FileId>1</FileId>
      <AudioFile>ALM241_1.mp3</AudioFile>
      <AudioFile>ALM241_1.mp3</AudioFile>
      <Name>Need you</Name>
      <Name>Need you</Name>
      <MixVersion>Original</MixVersion>
      <MixVersion>Original</MixVersion>
      <PrimaryArtists>Newton</PrimaryArtists>
      <PrimaryArtists>Newton</PrimaryArtists>
      <Contributors>
        <Contributor>
          <Name>Supang Lebotse</Name>
          <Role>Composer</Role>
        </Contributor>
      </Contributors>
      <Composer>Supang Lebotse</Composer>
      <MainGenre>Dance</MainGenre>
      <MainGenre>Dance</MainGenre>
      <Genre>Deep House</Genre>
      <Genre>Deep House</Genre>
      <AlbumOnly>No</AlbumOnly>
      <AlbumOnly>No</AlbumOnly>
      <Explicit>Non-Explicit</Explicit>
      <Explicit>Non-Explicit</Explicit>
      <VocalLanguage>- Select -</VocalLanguage>
      <VocalLanguage>- Select -</VocalLanguage>
    </Song>
  </Songs>
  <ExclusivePlatform>- Select Platform -</ExclusivePlatform>
  <ExclusiveDuration>- Select -</ExclusiveDuration>
  <iTunesPreOrderDate/>
  <ExclusiveDate/>
  <Stores>All</Stores>
  <Territories>WW</Territories>
</Release>
