<?xml version="1.0" encoding="utf-8"?>
<Release>
  <action>ADD</action>
  <CoverFile>AM008222.jpg</CoverFile>
  <Name>You For Real  to</Name>
  <Catalog>AM008222</Catalog>
  <UPCCode>GET</UPCCode>
  <Compilation>No</Compilation>
  <Artists>Dominox Latte</Artists>
  <Label>Q Phonic Ent</Label>
  <MainGenre>Dance</MainGenre>
  <Genre>Techno</Genre>
  <MetadataLanguage>en</MetadataLanguage>
  <ReleaseDate>2024-01-26</ReleaseDate>
  <Songs>
    <Song>
      <TrackNumber>1</TrackNumber>
      <FileId>1</FileId>
      <FileId>1</FileId>
      <AudioFile>AM008222_1.wav</AudioFile>
      <AudioFile>AM008222_1.wav</AudioFile>
      <Name>shaman</Name>
      <Name>shaman</Name>
      <MixVersion>original mix</MixVersion>
      <MixVersion>original mix</MixVersion>
      <PrimaryArtists>Dominox Latte</PrimaryArtists>
      <PrimaryArtists>Dominox Latte</PrimaryArtists>
      <FeaturingArtists>Dominox Latte</FeaturingArtists>
      <FeaturingArtists>Dominox Latte</FeaturingArtists>
      <Contributors>
        <Contributor>
          <Name>Domingo Alfonso</Name>
          <Role>Composer</Role>
        </Contributor>
      </Contributors>
      <Composer>Domingo Alfonso</Composer>
      <MainGenre>Dance</MainGenre>
      <MainGenre>Dance</MainGenre>
      <Genre>Techno</Genre>
      <Genre>Techno</Genre>
      <ISRCCode>GET</ISRCCode>
      <ISRCCode>GET</ISRCCode>
      <AlbumOnly>No</AlbumOnly>
      <AlbumOnly>No</AlbumOnly>
      <Explicit>Non-Explicit</Explicit>
      <Explicit>Non-Explicit</Explicit>
      <VocalLanguage>en</VocalLanguage>
      <VocalLanguage>en</VocalLanguage>
    </Song>
  </Songs>
  <ExclusivePlatform>- Select Platform -</ExclusivePlatform>
  <ExclusiveDuration>- Select -</ExclusiveDuration>
  <iTunesPreOrderDate>2024-01-12</iTunesPreOrderDate>
  <ExclusiveDate>2024-01-19</ExclusiveDate>
  <Stores>Traxsource,Beatport</Stores>
  <Territories>WW</Territories>
</Release>
