<?xml version="1.0" encoding="UTF-8"?>
<release><action>ADD</action><CoverFile>489545.jpeg</CoverFile><Name>Zohaib lkas</Name><Catalog>489545</Catalog><UPCCode>jkjks</UPCCode><Compilation>Yes</Compilation><Artists>Dominox Latte</Artists><Label>Q Phonic Ent</Label><MainGenre>Hip Hop/Rap</MainGenre><Genre>Rap</Genre><MetadataLanguage>Abkhazian</MetadataLanguage><ReleaseDate>29/02/2024</ReleaseDate><Songs><Song><TrackNumber>1</TrackNumber><AudioFile>skj</AudioFile><PrimaryArtists>VARIOUS</PrimaryArtists><FeaturingArtists>Dominox Latte</FeaturingArtists><Remixers>Dominox Latte</Remixers><MainGenre>Reggae</MainGenre><Genre>Ragga</Genre><Name>skj</Name><ISRCCode>GET</ISRCCode><Explicit>Non-Explicit</Explicit><VocalLanguage>Avestan</VocalLanguage><AlbumOnly>Yes</AlbumOnly><Contributors><Contributor><Name>D</Name><Role>Composer</Role></Contributor></Contributors></Song><Song><TrackNumber>2</TrackNumber><AudioFile>skj</AudioFile><PrimaryArtists>VARIOUS</PrimaryArtists><FeaturingArtists>VARIOUS</FeaturingArtists><Remixers>Dominox Latte</Remixers><MainGenre>Hip Hop/Rap</MainGenre><Genre>Old School Rap</Genre><Name>skj</Name><ISRCCode>GET</ISRCCode><Explicit>Clean</Explicit><VocalLanguage>Avestan</VocalLanguage><AlbumOnly>No</AlbumOnly><Contributors><Contributor><Name>D</Name><Role>Composer</Role></Contributor></Contributors></Song></Songs><iTunesPreOrderDate>15/02/2024</iTunesPreOrderDate><Stores>JunoDownload,JOOX,Volumo,iHeartRadio,Pandora</Stores><Territories>WW</Territories></release>
