<?xml version="1.0" encoding="utf-8"?>
<Release>
  <action>ADD</action>
  <CoverFile>090078601.png</CoverFile>
  <Name>Zohaib lkas</Name>
  <Catalog>090078601</Catalog>
  <UPCCode>U01010</UPCCode>
  <Compilation>Yes</Compilation>
  <VariousArtists>No</VariousArtists>
  <Artists>Prince Mooi</Artists>
  <Label>Q Phonic Records</Label>
  <MainGenre>World</MainGenre>
  <MetadataLanguage>ab</MetadataLanguage>
  <ReleaseDate>2023-04-26</ReleaseDate>
  <Songs>
    <Song>
      <TrackNumber>1</TrackNumber>
      <AudioFile>090078601_1.mp3</AudioFile>
      <Name>track name here</Name>
      <MixVersion>mix</MixVersion>
      <PrimaryArtists>Prince Mooi,Leza Boyland</PrimaryArtists>
      <FeaturingArtists>Kololo</FeaturingArtists>
      <Remixers>Prince Mooi,Leza Boyland</Remixers>
      <Composer>- Select Remixer -</Composer>
      <MainGenre>Hip Hop/Rap</MainGenre>
      <ISRCCode>GET</ISRCCode>
      <AlbumOnly>No</AlbumOnly>
      <Explicit>Non-Explicit</Explicit>
      <VocalLanguage>zxx</VocalLanguage>
    </Song>
  </Songs>
  <ExclusivePlatform>Traxsource</ExclusivePlatform>
  <ExclusiveDuration>- Select -</ExclusiveDuration>
  <iTunesPreOrderDate>2023-04-07</iTunesPreOrderDate>
  <ExclusiveDate>2023-04-18</ExclusiveDate>
  <Stores>Adaptr,Volumo,Express In Music,Resso,Resso,Pandora</Stores>
</Release>
