<?xml version="1.0" encoding="utf-8"?>
<Release>
  <CoverArt>34535435445.png</CoverArt>
  <ReleaseName>34534345</ReleaseName>
  <CatalogNo>34535435445</CatalogNo>
  <Upc>1121212</Upc>
  <Compilation>Standard_release</Compilation>
  <NoOfTracks>1</NoOfTracks>
  <VariousArtists>No</VariousArtists>
  <ArtistName>Kololo</ArtistName>
  <LabelName>Q Phonic Records</LabelName>
  <MainGenre>Pop</MainGenre>
  <SubGenre>Remix</SubGenre>
  <LanguagesMeta>Abkhazian</LanguagesMeta>
  <ExclusivePlatform>Beatport</ExclusivePlatform>
  <ExclusiveDuration>2</ExclusiveDuration>
  <PreOrderDate>2023-04-14</PreOrderDate>
  <PromoDate>2023-04-27</PromoDate>
  <Songs>
    <Song>
      <AudioFile>34535435445_1.mp3</AudioFile>
      <SongName>Zohaib lkas</SongName>
      <PrimaryArtist>Prince Mooi,Kololo,Leza Boyland,DeLura</PrimaryArtist>
      <Featuring>Prince Mooi,Kololo,DeLura</Featuring>
      <Remixer>Prince Mooi,Kololo,Leza Boyland</Remixer>
      <Contributor>Domingo Simon Alfonso</Contributor>
      <PrimaryGenre>Classical</PrimaryGenre>
      <SecondaryGenre>Qawali</SecondaryGenre>
      <IsrcCode>2323232</IsrcCode>
      <AlbumOnly>Yes</AlbumOnly>
      <ExplicitStatus>Non-Explicit</ExplicitStatus>
      <VocalLang>Instrumental</VocalLang>
    </Song>
  </Songs>
  <LiveDate>2023-04-13</LiveDate>
</Release>
