<?xml version="1.0" encoding="utf-8"?>
<Release>
  <CoverArt>10910912.png</CoverArt>
  <ReleaseName>sddsssd</ReleaseName>
  <CatalogNo>10910912</CatalogNo>
  <UPCCode>jkjks</UPCCode>
  <Compilation>Standard_release</Compilation>
  <NoOfTracks>1</NoOfTracks>
  <VariousArtists>Various</VariousArtists>
  <Artists>Leza Boyland,Chris De deejay</Artists>
  <LabelName>Q Phonic Records</LabelName>
  <MainGenre>Pop</MainGenre>
  <Genre>Remix</Genre>
  <MetadataLanguage>Abkhazian</MetadataLanguage>
  <Platform>Beatport,Huawei</Platform>
  <ExclusivePlatform>Traxsource</ExclusivePlatform>
  <ExclusiveDuration>2</ExclusiveDuration>
  <ITunesPreOrderDate>2023-04-14</ITunesPreOrderDate>
  <ExclusiveDate>2023-04-06</ExclusiveDate>
  <Songs>
    <Song>
      <AudioFile>10910912_1.mp3</AudioFile>
      <PrimaryArtist>Dominox Latte,Kololo,Leza Boyland</PrimaryArtist>
      <Featuring>Prince Mooi,Kololo</Featuring>
      <Remixer>Dominox Latte,Prince Mooi</Remixer>
      <ISRCCode>34</ISRCCode>
      <AlbumOnly>Yes</AlbumOnly>
      <ExplicitStatus>Non-Explicit</ExplicitStatus>
    </Song>
  </Songs>
  <ReleaseDate>2023-04-26</ReleaseDate>
</Release>
