<?xml version="1.0" encoding="UTF-8"?>
<release><action>ADD</action><CoverFile>ALM242.jpg</CoverFile><Name>Robust</Name><Catalog>ALM242</Catalog><UPCCode/><Compilation>Yes</Compilation><Artists/><Label>AFOLABI Music</Label><MainGenre>Dance</MainGenre><Genre>- Select Main Genre -</Genre><MetadataLanguage>English</MetadataLanguage><ReleaseDate>23/02/2024</ReleaseDate><Songs><Song><TrackNumber>1</TrackNumber><AudioFile>Robust</AudioFile><PrimaryArtists>Newton</PrimaryArtists><FeaturingArtists/><Remixers/><MainGenre>Dance</MainGenre><Genre>- Select Primary Genre first -</Genre><Name>Robust</Name><ISRCCode/><Explicit>Non-Explicit</Explicit><VocalLanguage>- Select -</VocalLanguage><AlbumOnly>No</AlbumOnly><Contributors><Contributor><Name>S</Name><Role>Composer</Role></Contributor></Contributors></Song></Songs><iTunesPreOrderDate>01/01/1970</iTunesPreOrderDate><Stores>All</Stores><Territories>WW</Territories></release>
