<?xml version="1.0" encoding="utf-8"?>
<Release>
  <action>ADD</action>
  <CoverFile>RAP023.png</CoverFile>
  <Name> Why wonu2019t you sing for me (WWYSFM)</Name>
  <Catalog>RAP023</Catalog>
  <UPCCode>GET</UPCCode>
  <Compilation>No</Compilation>
  <Artists>Nerdistic Touch</Artists>
  <Label>Ritual Art Projects</Label>
  <MainGenre>Dance</MainGenre>
  <Genre>Deep House</Genre>
  <MetadataLanguage>en</MetadataLanguage>
  <ReleaseDate>2023-12-22</ReleaseDate>
  <Songs>
    <Song>
      <TrackNumber>1</TrackNumber>
      <FileId>1</FileId>
      <FileId>1</FileId>
      <AudioFile>RAP023_1.mp3</AudioFile>
      <AudioFile>RAP023_1.mp3</AudioFile>
      <Name>Why won’t you sing for me (WWYSFM)</Name>
      <Name>Why won’t you sing for me (WWYSFM)</Name>
      <PrimaryArtists>Nerdistic Touch</PrimaryArtists>
      <PrimaryArtists>Nerdistic Touch</PrimaryArtists>
      <Contributors>
        <Contributor>
          <Name>Siphumelele Senzo Mthethwa</Name>
          <Role>Composer</Role>
        </Contributor>
      </Contributors>
      <Composer>Siphumelele Senzo Mthethwa</Composer>
      <MainGenre>Dance</MainGenre>
      <MainGenre>Dance</MainGenre>
      <Genre>Deep House</Genre>
      <Genre>Deep House</Genre>
      <ISRCCode>GET</ISRCCode>
      <ISRCCode>GET</ISRCCode>
      <AlbumOnly>No</AlbumOnly>
      <AlbumOnly>No</AlbumOnly>
      <Explicit>Explicit</Explicit>
      <Explicit>Explicit</Explicit>
      <VocalLanguage>en</VocalLanguage>
      <VocalLanguage>en</VocalLanguage>
    </Song>
  </Songs>
  <ExclusivePlatform>Traxsource</ExclusivePlatform>
  <ExclusiveDuration>2</ExclusiveDuration>
  <iTunesPreOrderDate>2023-12-08</iTunesPreOrderDate>
  <ExclusiveDate>2023-12-15</ExclusiveDate>
  <Stores>Traxsource,Beatport,JunoDownload,Spotify,iTunes</Stores>
  <Territories>WW</Territories>
</Release>
