<?xml version="1.0" encoding="UTF-8"?>
<release><action>ADD</action><CoverFile>QPENT12oo1mn.jpg</CoverFile><Name>dominox</Name><Catalog>QPENT12oo1mn</Catalog><UPCCode>GET</UPCCode><Compilation>Yes</Compilation><Artists>Dominox Latte</Artists><Label>Q Phonic Ent</Label><MainGenre>Dance</MainGenre><Genre>Techno</Genre><MetadataLanguage>English</MetadataLanguage><ReleaseDate>22/03/2024</ReleaseDate><Songs><Song><TrackNumber>1</TrackNumber><AudioFile>Dreaming</AudioFile><PrimaryArtists>Dominox Latte</PrimaryArtists><FeaturingArtists/><Remixers/><MainGenre>Dance</MainGenre><Genre>Techno</Genre><Name>Dreaming</Name><ISRCCode>GET</ISRCCode><Explicit>Non-Explicit</Explicit><VocalLanguage>en</VocalLanguage><AlbumOnly>No</AlbumOnly><Contributors><Contributor><Name>D</Name><Role>Composer</Role></Contributor></Contributors></Song></Songs><iTunesPreOrderDate>15/03/2024</iTunesPreOrderDate><Stores>Traxsource</Stores><Territories>WW</Territories></release>
