<?xml version="1.0" encoding="utf-8"?>
<Release>
  <action>ADD</action>
  <CoverFile>RAP018 .png</CoverFile>
  <Name>Shadow work </Name>
  <Catalog>RAP018 </Catalog>
  <UPCCode>GET</UPCCode>
  <Compilation>No</Compilation>
  <Artists>DON JESSu00c9</Artists>
  <Label>Ritual Art Projects</Label>
  <MainGenre>Dance</MainGenre>
  <Genre>Deep House</Genre>
  <MetadataLanguage>en</MetadataLanguage>
  <ReleaseDate>2023-09-22</ReleaseDate>
  <Songs/>
  <ExclusivePlatform>Traxsource</ExclusivePlatform>
  <ExclusiveDuration>2</ExclusiveDuration>
  <iTunesPreOrderDate>2023-09-08</iTunesPreOrderDate>
  <ExclusiveDate>2023-09-15</ExclusiveDate>
  <Stores>Traxsource,Beatport,JunoDownload,Spotify,iTunes</Stores>
  <Territories>WW</Territories>
</Release>
