<?xml version="1.0" encoding="utf-8"?>
<Release>
  <action>ADD</action>
  <CoverFile>QPR12222.jpg</CoverFile>
  <Name>You For Real</Name>
  <Catalog>QPR12222</Catalog>
  <UPCCode>www.qphonicent.co.za</UPCCode>
  <Compilation>No</Compilation>
  <Artists>Dominox Latte</Artists>
  <Label>Q Phonic Ent</Label>
  <MainGenre>Dance</MainGenre>
  <Genre>Techno</Genre>
  <MetadataLanguage>en</MetadataLanguage>
  <ReleaseDate>2024-01-05</ReleaseDate>
  <Songs/>
  <ExclusivePlatform>Traxsource</ExclusivePlatform>
  <ExclusiveDuration>- Select -</ExclusiveDuration>
  <iTunesPreOrderDate>2023-12-22</iTunesPreOrderDate>
  <ExclusiveDate>2023-12-29</ExclusiveDate>
  <Stores>Traxsource</Stores>
  <Territories>WW</Territories>
</Release>
